Added,Retired,Box,Type,Label,Material,Set,Maker,Origin,Acquired,2020.ring,2020.order,2020.color,2021.ring,2021.order,2021.color
2017,FALSE,,3D Printed,3D snowflake ornament or tree topper,3D printed,,Homemade,Homemade,Gift from volunteer,,,,,,
2017,FALSE,,3D Printed,3D rotating snowflake window ornament (set of 2) red,3D printed,,Homemade,Homemade,Gift from volunteer,,,,,,
2017,FALSE,,3D Printed,3D rotating snowflake window ornament (set of 2) green,3D printed,,Homemade,Homemade,Gift from volunteer,,,,,,
2017,FALSE,,3D Printed,3D printed Red Cross,3D printed,,Homemade,Homemade,Gift from volunteer,,,,,,
2018,FALSE,,Accessories,Palladium Tree Topper or Large Ornament,Metal,,Georg Jensen,Denmark,Georg Jensen,,,,,,
1990(s),FALSE,,Accessories,Black Wire Ornament Stand,Metal,,Hallmark,Unknown,From Childhood,,,,,,
2019,FALSE,,Accessories,Modern Christmas Tree (blue with stand),,,Modern Christmas Trees,Unknown,Modern Christmas Trees,,,,,,
2019,FALSE,,Accessories,Atomic Tree Topper,Plastic,,Modern Christmas Trees,Unknown,Modern Christmas Trees,,,,,,
2003,FALSE,,Accessories,Cords of Olive the Other Reindeer lights,,2,Nordstrom,Unknown,Nordstrom,,,,,,
2018,FALSE,,Accessories,Cords of blue LED lights,,3,Unknown,Unknown,Amazon,,,,,,
1980(s),FALSE,,Accessories,Mouse Tree Skirt from Childhood,,,Unknown,Unknown,From Childhood,,,,,,
2015,FALSE,,Accessories,Red Tree Stand,,,Vintage,China,Antique Store,,,,,,
2020,FALSE,,Accessories,Tabletop Tree/Plant Stand in White,,,,,,,,,,,
2020,FALSE,,Animals,Pink Reindeer,Glass,,Christopher Radko,Poland,Ebay,5,10,#4048C9,5,9,
2020,FALSE,,Animals,Vintage Glass Teddy Bear,Glass,,De Carlini,Italy,Ebay,5,12,#4048C9,2,6,
2019,FALSE,,Animals,Sparkly Octopus 1,Glass,,Katherine's Collection,Ohio,Mary B Decorative Art,,,,11,5,
2019,FALSE,,Animals,Turtle with presents,Glass,,Katherine's Collection,Ohio,Mary B Decorative Art,,,,11,13,
2019,FALSE,,Animals,Sparkly Octopus 2,Glass,,Katherine's Collection,Ohio,Mary B Decorative Art,,,,11,17,
2019,FALSE,,Animals,Pink Reindeer,Resin,,Katherine's Collection,Ohio,Mary B Decorative Art,,,,,,
2019,FALSE,,Animals,Blue Reindeer,Resin,,Katherine's Collection,Ohio,Mary B Decorative Art,,,,,,
2019,FALSE,,Animals,Orange Reindeer,Resin,,Katherine's Collection,Ohio,Mary B Decorative Art,,,,,,
2020,FALSE,,Animals,Fox Head,Glass,,Morawski,Poland,Direct,,,,11,11,
2020,FALSE,,Animals,Circus Elephant,Glass,,Pottery Barn,Unknown,Ebay,,,,5,6,
1950,FALSE,,Animals,Original Rudolph the Red-Nosed Reindeer,Plastic,,Unknown,America,Great Grandmother’s,5,4,#4048C9,4,11,
2006,FALSE,,Animals,Fat Cat,Glass,,Unknown,Poland,Gift from Adele,5,8,#4048C9,5,3,
2015,FALSE,,Animals,Octopus,Glass,,Unknown,Unknown,Lloyd Center,,,,11,15,
2020,FALSE,,Animals,Vintage Reindeer (deformed),Glass,,Vintage,Unknown,Ebay,,,,,,
2002,FALSE,,Animals,3 penguins,Porcelain,3,Vintage,Unknown,Gift from Marilyn Kelly,,,,,,
2020,FALSE,,Anthropomorphic Animals,Fancy Walrus,Glass,,Christopher Radko,Poland,Ebay,,,,2,3,
2020,FALSE,,Anthropomorphic Animals,AIDS Rabbit,Glass,,Christopher Radko,Poland,Ebay,,,,2,5,
2020,FALSE,,Anthropomorphic Animals,Paddington Bear,Glass,,Christopher Radko,Poland,Ebay,6,1,,4,12,
2020,FALSE,,Anthropomorphic Animals,Fancy Dog in outfit,Glass,,Katherine's Collection,Ohio,Ebay,6,9,,5,10,
2020,FALSE,,Anthropomorphic Animals,Babar driving his car,Glass,,Kurt Adler,Poland,Ebay,6,3,,3,3,
2020,FALSE,,Anthropomorphic Animals,Frog Prince,Glass,,Kurt Adler,Poland,Ebay,6,7,,4,2,
2020,FALSE,,Anthropomorphic Animals,Spooky black cat in hat,Glass,,Kurt Adler,Poland,Ebay,6,5,,4,3,
2018,FALSE,,Anthropomorphic Animals,Penguin King,Glass,,Mackenzie Child,Unknown,Mackenzie Child,,,,6,7,
2018,FALSE,,Anthropomorphic Animals,Penguin Queen,Glass,,Mackenzie Child,Unknown,Mackenzie Child,,,,6,9,
2020,FALSE,,Anthropomorphic Animals,Fairy Princess Hello Kitty,Glass,,Sanrio,Japan,Ebay,6,15,,7,12,
2020,FALSE,,Anthropomorphic Animals,Santa Badtz Maru,Glass,,Sanrio,Japan,Ebay,6,13,,7,14,
2020,FALSE,,Anthropomorphic Animals,Fancy Corgi,Glass,,Unknown,Unknown,Bloomingdale’s,,,,2,1,
2018,FALSE,,Anthropomorphic Animals,Owl Music Conductor,Glass,,Unknown,Unknown,Neiman Marcus,6,17,,4,5,
2020,FALSE,,Anthropomorphic Animals,Mouse Queen of Hearts,Glass,,Unknown,Unknown,Ebay,6,11,,5,11,
2019,FALSE,,Art-Inspired,Warhol-like mylar balloons made of glass,Glass,,Unknown,Unknown,Bloomingdale’s,9,3,#C0C0C0,10,3,
2019,FALSE,,Art-Inspired,Warhol-like mylar balloons made of glass,Glass,,Unknown,Unknown,Bloomingdale’s,9,7,#C0C0C0,10,7,
2019,FALSE,,Art-Inspired,Warhol-like mylar balloons made of glass,Glass,,Unknown,Unknown,Bloomingdale’s,9,11,#C0C0C0,10,11,
2019,FALSE,,Art-Inspired,Warhol-like mylar balloons made of glass,Glass,,Unknown,Unknown,Bloomingdale’s,9,15,#C0C0C0,10,15,
2019,FALSE,,Art-Inspired,Warhol-like mylar balloons made of glass,Glass,,Unknown,Unknown,Bloomingdale’s,9,19,#C0C0C0,10,19,
2019,FALSE,,Art-Inspired,Warhol-like mylar balloons made of glass,Glass,,Unknown,Unknown,Bloomingdale’s,9,23,#C0C0C0,10,23,
2019,FALSE,,Baubles,Dark gray bauble on brass-plated iron chain,Glass,,AYTM,Denmark,Nordic Nest,7,1,#A9A9A9,6,2,#A9A9A9
2019,FALSE,,Baubles,Dark gray bauble on brass-plated iron chain,Glass,,AYTM,Denmark,Nordic Nest,7,3,#A9A9A9,6,4,#A9A9A9
2019,FALSE,,Baubles,Dark gray bauble on brass-plated iron chain,Glass,,AYTM,Denmark,Nordic Nest,7,5,#A9A9A9,6,6,#A9A9A9
2019,FALSE,,Baubles,Dark gray bauble on brass-plated iron chain,Glass,,AYTM,Denmark,Nordic Nest,7,7,#A9A9A9,6,8,#A9A9A9
2019,FALSE,,Baubles,Dark gray bauble on brass-plated iron chain,Glass,,AYTM,Denmark,Nordic Nest,7,9,#A9A9A9,6,10,#A9A9A9
2019,FALSE,,Baubles,Dark gray bauble on brass-plated iron chain,Glass,,AYTM,Denmark,Nordic Nest,7,11,#A9A9A9,6,12,#A9A9A9
2019,FALSE,,Baubles,Dark gray bauble on brass-plated iron chain,Glass,,AYTM,Denmark,Nordic Nest,7,13,#A9A9A9,6,14,#A9A9A9
2019,FALSE,,Baubles,Dark gray bauble on brass-plated iron chain,Glass,,AYTM,Denmark,Nordic Nest,7,15,#A9A9A9,6,16,#A9A9A9
2019,FALSE,,Baubles,Dark gray bauble on brass-plated iron chain,Glass,,AYTM,Denmark,Nordic Nest,7,17,#A9A9A9,6,18,#A9A9A9
2019,FALSE,,Baubles,Dark orange bauble on brass-plated iron chain,Glass,,AYTM,Denmark,Nordic Nest,8,2,#F26444,7,1,#F26444
2019,FALSE,,Baubles,Dark orange bauble on brass-plated iron chain,Glass,,AYTM,Denmark,Nordic Nest,8,4,#F26444,7,3,#F26444
2019,FALSE,,Baubles,Dark orange bauble on brass-plated iron chain,Glass,,AYTM,Denmark,Nordic Nest,8,6,#F26444,7,5,#F26444
2019,FALSE,,Baubles,Dark orange bauble on brass-plated iron chain,Glass,,AYTM,Denmark,Nordic Nest,8,8,#F26444,7,7,#F26444
2019,FALSE,,Baubles,Dark orange bauble on brass-plated iron chain,Glass,,AYTM,Denmark,Nordic Nest,8,10,#F26444,7,9,#F26444
2019,FALSE,,Baubles,Dark orange bauble on brass-plated iron chain,Glass,,AYTM,Denmark,Nordic Nest,8,12,#F26444,7,11,#F26444
2019,FALSE,,Baubles,Dark orange bauble on brass-plated iron chain,Glass,,AYTM,Denmark,Nordic Nest,8,14,#F26444,7,13,#F26444
2019,FALSE,,Baubles,Dark orange bauble on brass-plated iron chain,Glass,,AYTM,Denmark,Nordic Nest,8,16,#F26444,7,15,#F26444
2019,FALSE,,Baubles,Dark orange bauble on brass-plated iron chain,Glass,,AYTM,Denmark,Nordic Nest,8,18,#F26444,7,17,#F26444
2019,FALSE,,Baubles,Light gray bauble on brass-plated iron chain,Glass,,AYTM,Denmark,Nordic Nest,6,2,#D1D1D1,8,4,#D1D1D1
2019,FALSE,,Baubles,Light gray bauble on brass-plated iron chain,Glass,,AYTM,Denmark,Nordic Nest,6,4,#D1D1D1,8,6,#D1D1D1
2019,FALSE,,Baubles,Light gray bauble on brass-plated iron chain,Glass,,AYTM,Denmark,Nordic Nest,6,6,#D1D1D1,8,8,#D1D1D1
2019,FALSE,,Baubles,Light gray bauble on brass-plated iron chain,Glass,,AYTM,Denmark,Nordic Nest,6,8,#D1D1D1,8,10,#D1D1D1
2019,FALSE,,Baubles,Light gray bauble on brass-plated iron chain,Glass,,AYTM,Denmark,Nordic Nest,6,10,#D1D1D1,8,12,#D1D1D1
2019,FALSE,,Baubles,Light gray bauble on brass-plated iron chain,Glass,,AYTM,Denmark,Nordic Nest,6,12,#D1D1D1,8,14,#D1D1D1
2019,FALSE,,Baubles,Light gray bauble on brass-plated iron chain,Glass,,AYTM,Denmark,Nordic Nest,6,14,#D1D1D1,8,16,#D1D1D1
2019,FALSE,,Baubles,Light gray bauble on brass-plated iron chain,Glass,,AYTM,Denmark,Nordic Nest,6,16,#D1D1D1,8,18,#D1D1D1
2019,FALSE,,Baubles,Light gray bauble on brass-plated iron chain,Glass,,AYTM,Denmark,Nordic Nest,6,18,#D1D1D1,,,
2018,FALSE,,Baubles,Teardrop Ornament,Glass,,Barnes & Noble,Unknown,Gift from James,,,,,,
2020,FALSE,,Baubles,4 Mt. Saint Helens Volcanic Ash baubles,Glass,4,Evergreen Glass Arts Center,America,Ebay,,,,,,
2020,FALSE,,Baubles,Red Apple (set of 3),Glass,,Ittala,Finland,Ittala,,,,,,
2020,FALSE,,Baubles,Red Apple (set of 3),Glass,,Ittala,Finland,Ittala,,,,,,
2020,FALSE,,Baubles,Red Apple (set of 3),Glass,,Ittala,Finland,Ittala,,,,,,
2019,FALSE,,Baubles,Red Gradient Baubles (2 sets of 5) Shade 1,Glass,,Ittala,Finland,Ittala,,,,,,
2019,FALSE,,Baubles,Red Gradient Baubles (2 sets of 5) Shade 1,Glass,,Ittala,Finland,Ittala,,,,,,
2019,FALSE,,Baubles,Red Gradient Baubles (2 sets of 5) Shade 2,Glass,,Ittala,Finland,Ittala,,,,,,
2019,FALSE,,Baubles,Red Gradient Baubles (2 sets of 5) Shade 2,Glass,,Ittala,Finland,Ittala,,,,,,
2019,FALSE,,Baubles,Red Gradient Baubles (2 sets of 5) Shade 3,Glass,,Ittala,Finland,Ittala,,,,,,
2019,FALSE,,Baubles,Red Gradient Baubles (2 sets of 5) Shade 3,Glass,,Ittala,Finland,Ittala,,,,,,
2019,FALSE,,Baubles,Red Gradient Baubles (2 sets of 5) Shade 4,Glass,,Ittala,Finland,Ittala,,,,,,
2019,FALSE,,Baubles,Red Gradient Baubles (2 sets of 5) Shade 4,Glass,,Ittala,Finland,Ittala,,,,,,
2019,FALSE,,Baubles,Red Gradient Baubles (2 sets of 5) Shade 5,Glass,,Ittala,Finland,Ittala,,,,,,
2019,FALSE,,Baubles,Red Gradient Baubles (2 sets of 5) Shade 5,Glass,,Ittala,Finland,Ittala,,,,,,
2018,FALSE,,Baubles,"Geometric Giger: 6 onion, 6 ball, 6 teardrop",Glass,18,Lenox,Unknown,Lenox,,,,,,
2019,FALSE,,Baubles,Large Blue stripes bauble,Glass,,Liberty Museum in PA,America,Museum Store,,,,,,
2019,FALSE,,Baubles,Large Blue dots bauble,Glass,,Liberty Museum in PA,America,Museum Store,,,,,,
2018,FALSE,,Baubles,Small Vintage Bell,Glass,,Shiny Brite,America,Estate sale in MD,9,5,#F20544,10,1,
2018,FALSE,,Baubles,Small Vintage Bauble,Glass,,Shiny Brite,America,Estate sale in MD,9,1,#505AFC,10,5,
2018,FALSE,,Baubles,Small Vintage Bauble,Glass,,Shiny Brite,America,Estate sale in MD,9,9,#505AFC,10,9,
2018,FALSE,,Baubles,Small Vintage Bell,Glass,,Shiny Brite,America,Estate sale in MD,9,13,#F20544,10,13,
2018,FALSE,,Baubles,Small Vintage Bauble,Glass,,Shiny Brite,America,Estate sale in MD,9,17,#505AFC,10,17,
2018,FALSE,,Baubles,Small Vintage Bell,Glass,,Shiny Brite,America,Estate sale in MD,9,21,#F20544,10,21,
2020,FALSE,,Baubles,Vintage Yellow Bauble with Polka Dots,Glass,,Shiny Brite,America,From Adele’s Childhood,,,,,,
2019,FALSE,,Baubles,Vintage Yellow Bauble with Stripe,Glass,,Shiny Brite,America,From Adele’s Childhood,,,,,,
2008,TRUE,,Baubles,Geometric Bauble Pink,Glass,,Target Brand,Unknown,Target,2,6,#F2508B,,,
2008,TRUE,,Baubles,Geometric Bauble Green,Glass,,Target Brand,Unknown,Target,2,2,#6CF0BA,,,
2008,TRUE,,Baubles,Geometric Bauble Orange,Glass,,Target Brand,Unknown,Target,2,4,#F27457,,,
2021,FALSE,,Baubles,Blue Glass Orb from Egypt,Glass,,Unknown,Egypt,DC Holiday Fair,,,,6,17,
2019,FALSE,,Baubles,West German Plastic Card Baubles (set of 5),Glass,,Unknown,West Germany,Gift from Adele,,,,,,
2019,FALSE,,Baubles,West German Plastic Card Baubles (set of 5),Glass,,Unknown,West Germany,Gift from Adele,,,,,,
2019,FALSE,,Baubles,West German Plastic Card Baubles (set of 5),Glass,,Unknown,West Germany,Gift from Adele,,,,,,
2019,FALSE,,Baubles,West German Plastic Card Baubles (set of 5),Glass,,Unknown,West Germany,Gift from Adele,,,,,,
2019,FALSE,,Baubles,West German Plastic Card Baubles (set of 5),Glass,,Unknown,West Germany,Gift from Adele,,,,,,
2015,FALSE,,Baubles,Tear Drop Icicle Style 1 (pink/pink),Glass,,Shiny Brite,America,Antique Store,,,,,,
2015,FALSE,,Baubles,Tear Drop Icicle Style 2 (red/gold),Glass,,Shiny Brite,America,Antique Store,,,,,,
2020,FALSE,,Baubles,Large Teardrop (red/white/blue with flowers),Glass,,Vintage,Unknown,Ebay,,,,,,
2020,FALSE,,Buildings of the World,Tudor Toy Shop,Glass,,Christopher Radko,Poland,Ebay,7,16,,10,6,
2020,FALSE,,Buildings of the World,Lighthouse,Glass,,Christopher Radko,Poland,Ebay,7,6,,10,22,
2020,FALSE,,Buildings of the World,Epcot Center,Glass,,Disney,Unknown,Disney Store,7,8,,10,16,
2020,FALSE,,Buildings of the World,Space Needle,Glass,,Global Village Glass Studios,Seattle,Amazon,7,10,,10,8,
2020,FALSE,,Buildings of the World,Pink Eiffel Tower,Glass,,Katherine's Collection,Ohio,Direct,7,14,,10,24,
2020,FALSE,,Buildings of the World,King Kong on Empire State Building,Glass,,Kurt Adler,Poland,Ebay,7,2,,10,4,
2020,FALSE,,Buildings of the World,Taj Mahal,Glass,,Kurt Adler,Poland,Ebay,7,4,,10,10,
2020,FALSE,,Buildings of the World,Statue of Liberty,Glass,,Kurt Adler,Poland,Ebay,7,12,,10,18,
2020,FALSE,,Buildings of the World,Girls’ Inc Globe,Glass,,Mackenzie Child,Unknown,Ebay,,,,10,12,
2020,FALSE,,Buildings of the World,Biltmore Estate,Glass,,Unknown,North Carolina,Ebay,7,18,,10,2,
2020,FALSE,,Characters,Mickey as Brave Little Tailor,Glass,,Christopher Radko,Poland,Ebay,8,15,,4,4,
2020,FALSE,,Characters,C-3PO,Glass,,Christopher Radko,Poland,Ebay,8,13,,5,1,
2020,FALSE,,Characters,Old King Cole,Glass,,Christopher Radko,Poland,Ebay,,,,10,20,
2020,FALSE,,Characters,Cruella deVil,Glass,,Christopher Radko,Poland,Ebay,,,,,,
2009,FALSE,,Characters,Mickey Music Conductor,Resin,,Disney,Unknown,Gift from mom,,,,,,
2020,FALSE,,Characters,Madeline,Glass,,Kurt Adler,Poland,Ebay,8,17,,7,18,
2020,FALSE,,Characters,Circus Strong Man,Glass,,Kurt Adler,Poland,Ebay,,,,5,7,
2020,FALSE,,Characters,Hockey Player,Glass,,Kurt Adler,Poland,Ebay,,,,10,14,
2020,FALSE,,Characters,Scary Clown,Glass,,Larry Fraga,Unknown,Ebay,,,,,,
2020,FALSE,,Characters,Purple Santa,Glass,,Laved,Italy,Ebay,,,,5,12,
1980(s),FALSE,,Characters,Mouse from Cinderella,Cloth,,McDonald’s,Unknown,From Childhood,,,,,,
1980(s),FALSE,,Characters,Crab from Little Mermaid,Cloth,,McDonald’s,Unknown,From Childhood,,,,,,
1980(s),FALSE,,Characters,Pufferfish from Little Mermaid,Cloth,,McDonald’s,Unknown,From Childhood,,,,,,
2020,FALSE,,Characters,Black Santa,Glass,,Unknown,Germany,From Adele (market),,,,,,
1990(s),FALSE,,Decorations,Mickey Mouse Nutcracker,Wood,,Disney,Unknown,From Childhood,,,,,,
2001,FALSE,,Decorations,Wooden Holiday Town,Wood,14,Homemade,Homemade,Gift from Pat Crombie,,,,,,
1970-80(s)?,FALSE,,Decorations,"Porcelain Tree (made by Grandma White’s friend, matches Marilyn’s)",Porcelain,,Homemade,Homemade,Effie’s (gift from Grandma White),,,,,,
1990-ish,FALSE,,Decorations,Ribbon Tree (made at Children’s World of Music for Effie),Cloth,,Homemade by Me,Homemade,From Childhood,,,,,,
2018,FALSE,,Decorations,Stuffed Holiday Dinosaur,Cloth,,Neiman Marcus,Unknown,Neiman Marcus,,,,,,
2016,FALSE,,Decorations,2 Iron Candleholders,Metal,2,New Seasons,Unknown,New Seasons,,,,,,
2016,FALSE,,Decorations,Clay Bell ,Clay,,New Seasons,Unknown,New Seasons,,,,,,
2003,FALSE,,Decorations,Stuffed Olive the Other Reindeer (and book),Cloth,2,Nordstrom,Unknown,Nordstrom,,,,,,
2020,FALSE,,Decorations,Wooden Colour Nativity Blocks,Wood,9,Sebastian Bergne,UK,Sebastian Bergne,,,,,,
1990(s),FALSE,,Decorations,St. Basil’s Cathedral,Wood,,Unknown,Russia,Gift from Emma,,,,,,
1990(s),FALSE,,Decorations,Wooden Nutcracker,Wood,,Unknown,Germany,Gift from Dave/Adele to E&O,,,,,,
1990(s),FALSE,,Decorations,Wooden Nativity with Music,Wood,,Unknown,Germany,Gift from Dave/Adele to E&O,,,,,,
2019,FALSE,,Decorations,Green Stocking,Cloth,,Unknown,Unknown,Gift from Adele,,,,,,
Blank,FALSE,,Empty Row,,,,,,,1,,#E1E1E1,,,
Blank,FALSE,,Empty Row,,,,,,,11,,#E1E1E1,,,
Blank,FALSE,,Empty Space,,,,,,,,,,1,2,
Blank,FALSE,,Empty Space,,,,,,,,,,1,4,
Blank,FALSE,,Empty Space,,,,,,,,,,1,6,
2020,FALSE,,Fancy Characters,Astronaut Sally Ride in her spacesuit,Glass,,Christopher Radko,Italy,Ebay,10,1,,9,2,
2020,FALSE,,Fancy Characters,Olympic Skier,Glass/Paper,,Christopher Radko,Italy,Ebay,10,13,,9,5,
2019,FALSE,,Fancy Characters,Snowboarder (male),Glass/Cloth,,De Carlini,Italy,MoMA,9,12,,9,1,
2020,FALSE,,Fancy Characters,Fancy Shopper in pink coat with dog,Glass/Cloth,,De Carlini,Italy,Neiman Marcus,10,19,,9,3,
2019,FALSE,,Fancy Characters,"Yoga Lady in pink, stretching",Glass/Cloth,,De Carlini,Italy,Neiman Marcus,9,18,,9,4,
2020,FALSE,,Fancy Characters,Max from Where the Wild Things Are,Glass/Cloth,,De Carlini,Italy,Amazon,9,24,,9,6,
2019,FALSE,,Fancy Characters,Bergdorf's Linda Fargo 2018,Glass/Cloth,,De Carlini,Italy,Bergdorf Goodman,10,3,,9,7,
2020,FALSE,,Fancy Characters,Fancy Shopper in shiny red pants with dog,Glass/Cloth,,De Carlini,Italy,Neiman Marcus,10,23,,9,8,
2020,FALSE,,Fancy Characters,Fancy lady in green ballgown,Glass/Cloth,,De Carlini,Italy,Ebay,9,8,,9,9,
2020,FALSE,,Fancy Characters,Fancy Lady in beaded purple and gold dress,Glass/Cloth,,De Carlini,Italy,Neiman Marcus,10,17,,9,10,
2019,FALSE,,Fancy Characters,"Yoga Lady in blue, sitting",Glass/Cloth,,De Carlini,Italy,Neiman Marcus,9,16,,9,11,
2019,FALSE,,Fancy Characters,Bergdorf’s Linda Fargo 2019,Glass/Cloth,,De Carlini,Italy,Bergdorf Goodman,10,5,,9,12,
2019,FALSE,,Fancy Characters,Bergdorf’s Linda Fargo 2016,Glass/Cloth,,De Carlini,Italy,Bergdorf Goodman,10,7,,9,14,
2020,FALSE,,Fancy Characters,Football Player (in style of Dallas Cowboys),Glass/Cloth,,De Carlini,Italy,Ebay,9,22,,9,15,
2020,FALSE,,Fancy Characters,Little Red Riding Hood,Glass/Cloth,,De Carlini,Italy,Ebay,9,14,,9,16,
2020,FALSE,,Fancy Characters,Fancy Lady in purple cloak,Glass/Cloth,,De Carlini,Italy,Neiman Marcus,10,15,,9,17,
2020,FALSE,,Fancy Characters,Fancy lady in gold dress,Glass/Cloth,,De Carlini,Italy,Ebay,9,6,,9,18,
2020,FALSE,,Fancy Characters,Fancy Shopper in gold dress with dog,Glass/Cloth,,De Carlini,Italy,Neiman Marcus,10,21,,9,19,
2019,FALSE,,Fancy Characters,Mrs. Claus Baking a Cake,Glass/Cloth,,De Carlini,Italy,MoMA,9,20,,9,20,
2019,FALSE,,Fancy Characters,Snowboarder (female),Glass/Cloth,,De Carlini,Italy,MoMA,9,10,,9,21,
2018,FALSE,,Fancy Characters,Fancy lady designed by Christian Lacroix,Glass/Cloth,,De Carlini,Italy,Neiman Marcus,9,2,,9,22,
2018,FALSE,,Fancy Characters,James the Bergdorf Doorman 2015,Glass/Cloth,,De Carlini,Italy,Bergdorf Goodman,10,11,,9,23,
2018,FALSE,,Fancy Characters,Bergdorf’s Linda Fargo 2014,Glass/Cloth,,De Carlini,Italy,Bergdorf Goodman,10,9,,9,24,
2020,FALSE,,Fancy Characters,Cow ballerina,Glass/Cloth,,Laved,Italy,Etsy,9,4,,9,13,
2021,FALSE,,Fancy Characters,Fairy Godmother,Glass/Cloth,,Laved,Italy,Ebay,,,,3,1,
2020,FALSE,,Fancy Characters,Mary Poppins,Glass/Cloth,,Laved,Italy,Ebay,,,,5,4,
1990(s),FALSE,,From Childhood,Plastic Alligator (mouth moves),Plastic,,Hallmark,Unknown,From Childhood,,,,,,
2014,FALSE,,From Childhood,Tinfoil Ornament from Dementia Daycare,Tinfoil,,Homemade,Homemade,Gift from Effie,,,,,,
2000,FALSE,,From Childhood,Wooden Marching Band Ornament of Jacob,Wood,,Homemade,Homemade,HS Amy’s mom,,,,,,
1980(s),FALSE,,From Childhood,Yarnmade Santa,Yarn,,Homemade,Homemade,From Childhood,,,,,,
2014,FALSE,,From Childhood,2014 Lights Run,Metal/Paper,,Homemade by Ardara,Homemade,Race Medal,,,,,,
2015,FALSE,,From Childhood,2015 Lights Run,Glass,,Homemade by Ardara,Homemade,Race Medal,,,,,,
1991,FALSE,,From Childhood,Kindergarten Photo Heart (gift to Effie),Plastic,,Homemade by Me,Homemade,From Childhood,,,,,,
1990(s),FALSE,,From Childhood,Blown glass alligator,Glass,,Macy’s,Unknown,From Childhood,,,,,,
1980(s),FALSE,,From Childhood,Porcelain White Snowflake,Porcelain,,Maybe Lenox,Unknown,From Childhood,,,,,,
2015,FALSE,,From Childhood,Sasquatch Medal from 2015 Huckleberry Half,Wood,,Race Medal,Homemade,Race Medal,,,,,,
2005,FALSE,,From Childhood,Elephant Finger Puppet (my gift to Effie),Cloth,,Restoration Hardware,Unknown,Restoration Hardware,,,,,,
1990(s),FALSE,,From Childhood,Mouse Ornament,Porcelain,,Unknown,Unknown,From Childhood,,,,,,
1990(s),FALSE,,From Childhood,Wooden Nutcracker Ornament,Wood,,Unknown,Unknown,From Childhood,,,,,,
1990(s),FALSE,,From Childhood,Wooden Angel,Wood,,Unknown,Unknown,From Childhood,,,,,,
1990(s),FALSE,,From Childhood,Metal Trumpet 1,Metal,,Unknown,Unknown,From Childhood,,,,,,
1990(s),FALSE,,From Childhood,Metal Trumpet 2,Metal,,Unknown,Unknown,From Childhood,,,,,,
1986,FALSE,,From Childhood,1986 Stocking “For Son”,Wood/Cloth,,Unknown,Unknown,From Childhood,,,,,,
Unknown,FALSE,,From Childhood,Vintage Angel Bust (porcelain),Porcelain,,Vintage,Unknown,From Childhood,,,,,,
Unknown,FALSE,,From Childhood,Vintage Beaded Angel and Glass ornament,Beads/glass,,Vintage,Handmade,Part of Ruth’s collection,,,,,,
Unknown,FALSE,,From Childhood,Austrian Ski Ornament (from Nathan’s travels during WW2),Metal/Leather,,Vintage,Austria,From Childhood,,,,,,
2019,FALSE,,Geometric Baubles,Lampworked borosilicate. Cobalt blue glass fumed with silver.,Glass,,Lone Oak Glassworks,"Eugene, Oregon",Etsy,10,2,#4048C9,11,2,#4048C9
2019,FALSE,,Geometric Baubles,Lampworked borosilicate. Cobalt blue glass fumed with silver.,Glass,,Lone Oak Glassworks,"Eugene, Oregon",Etsy,10,4,#4048C9,11,4,#4048C9
2019,FALSE,,Geometric Baubles,Lampworked borosilicate. Cobalt blue glass fumed with silver.,Glass,,Lone Oak Glassworks,"Eugene, Oregon",Etsy,10,6,#4048C9,11,6,#4048C9
2019,FALSE,,Geometric Baubles,Lampworked borosilicate. Cobalt blue glass fumed with silver.,Glass,,Lone Oak Glassworks,"Eugene, Oregon",Etsy,10,8,#4048C9,11,8,#4048C9
2019,FALSE,,Geometric Baubles,Lampworked borosilicate. Cobalt blue glass fumed with silver.,Glass,,Lone Oak Glassworks,"Eugene, Oregon",Etsy,10,10,#4048C9,11,10,#4048C9
2019,FALSE,,Geometric Baubles,Lampworked borosilicate. Cobalt blue glass fumed with silver.,Glass,,Lone Oak Glassworks,"Eugene, Oregon",Etsy,10,12,#4048C9,11,12,#4048C9
2019,FALSE,,Geometric Baubles,Lampworked borosilicate. Cobalt blue glass fumed with silver.,Glass,,Lone Oak Glassworks,"Eugene, Oregon",Etsy,10,14,#4048C9,11,14,#4048C9
2019,FALSE,,Geometric Baubles,Lampworked borosilicate. Cobalt blue glass fumed with silver.,Glass,,Lone Oak Glassworks,"Eugene, Oregon",Etsy,10,16,#4048C9,11,16,#4048C9
2019,FALSE,,Geometric Baubles,Lampworked borosilicate. Cobalt blue glass fumed with silver.,Glass,,Lone Oak Glassworks,"Eugene, Oregon",Etsy,10,18,#4048C9,11,18,#4048C9
2019,FALSE,,Geometric Baubles,Lampworked borosilicate. Cobalt blue glass fumed with silver.,Glass,,Lone Oak Glassworks,"Eugene, Oregon",Etsy,10,20,#4048C9,11,20,#4048C9
2019,FALSE,,Geometric Baubles,Lampworked borosilicate. Cobalt blue glass fumed with silver.,Glass,,Lone Oak Glassworks,"Eugene, Oregon",Etsy,10,22,#4048C9,11,22,#4048C9
2019,FALSE,,Geometric Baubles,Lampworked borosilicate. Cobalt blue glass fumed with silver.,Glass,,Lone Oak Glassworks,"Eugene, Oregon",Etsy,10,24,#4048C9,11,24,#4048C9
2020,FALSE,,Insects,Bee,Glass,,Morawski,Poland,Direct,5,2,#4048C9,4,9,
2020,FALSE,,Insects,Beetle,Glass,,Morawski,Poland,Direct,3,2,#71D2E3,11,1,
2020,FALSE,,Insects,Beetle,Glass,,Morawski,Poland,Direct,3,4,#71D2E3,11,9,
2020,FALSE,,Insects,Beetle,Glass,,Morawski,Poland,Direct,3,6,#71D2E3,11,21,
2020,FALSE,,Mid-Century Ornament,Salmon Pink Mid-Century Cat,Glass,,Unknown,Unknown,Found Online,2,1,#F27457,1,1,#F27457
2020,FALSE,,Mid-Century Ornament,Bubblegum Pink Mid-Century Cat,Glass,,Unknown,Unknown,Found Online,2,3,#F2508B,1,3,#F27457
2020,FALSE,,Mid-Century Ornament,Sea Foam Green Mid-Century Cat,Glass,,Unknown,Unknown,Found Online,2,5,#6CF0BA,1,5,#6CF0BA
2019,FALSE,,Museums,Elephant from African Art Museum,Metal,,African Art Museum,Unknown,Museum Store,,,,,,
2017,FALSE,,Museums,Clay Red Cross Ornament (homemade),Clay,,Homemade,Homemade,Gift from Cara,,,,,,
2020,FALSE,,Museums,Thomas Jefferson’s Books,Glass,,Museum,Unknown,Library of Congress,5,6,#4048C9,4,8,
2018,FALSE,,Museums,Falling Water,Glass,,Museum,Unknown,Gift from Alex,,,,,,
2018,FALSE,,Museums,Carhenge,Glass,,Museum,Unknown,Gift from Alex,,,,,,
2018,FALSE,,Museums,Library of Congress ceiling (1 of 2),Clay,,Museum,Unknown,Gift from Adele to Effie,,,,,,
2003,FALSE,,Museums,Library of Congress ceiling (1 of 2),Clay,,Museum,Unknown,From Adele's Collection,,,,,,
2018,FALSE,,Museums,Red Cross Ornament Official (1 of 2),Metal,,Museum,Unknown,Gift from Alex,,,,,,
2018,FALSE,,Museums,Red Cross Ornament Official (2 of 2),Metal,,Museum,Unknown,Gift from Alex,,,,,,
2018,FALSE,,Museums,Prague Glass Ornament,Glass,,Museum,Unknown,Gift from Ivana,,,,,,
2018,FALSE,,Museums,Supreme Court Curtains,Metal,,Museum,Unknown,From Adele's Collection,,,,,,
2018,FALSE,,Museums,Cloth Philadelphia Museum,Cloth,,Museum,Unknown,Museum Store,,,,,,
2018,FALSE,,Museums,Cloth Rocky on Museum Steps,Cloth,,Museum,Unknown,Museum Store,,,,,,
2017,FALSE,,Museums,2017 White House Ornament,Metal,,Museum,Unknown,Gift from Teala,,,,,,
2017,FALSE,,Museums,National Park Service,Metal,,Museum,Unknown,Museum Store,,,,,,
2010,FALSE,,Museums,Glass Ceiling Ornament from National Holocaust Museum,Glass,,Museum,Unknown,Museum Store,,,,,,
2019,FALSE,,Museums,Getty Museum,Metal,,Museum,Unknown,Museum Store,,,,,,
2019,FALSE,,Museums,Getty Museum Malibu,Metal,,Museum,Unknown,Museum Store,,,,,,
2019,FALSE,,Museums,National Arboretum,Metal,,Museum,Unknown,Museum Store,,,,,,
2019,FALSE,,Museums,Barnes Museum (1 of 2),Metal,,Museum,Unknown,Museum Store,,,,,,
2019,FALSE,,Museums,Barnes Museum (2 of 2),Metal,,Museum,Unknown,Museum Store,,,,,,
2019,FALSE,,Museums,Phillips Collection dove,Metal,,Museum,Unknown,Museum Store,,,,,,
2019,FALSE,,Museums,Guggenheim,Resin,,Museum,Unknown,Museum Store,,,,,,
2018,FALSE,,Museums,Mütter Museum Conjoined Gingerbread cookiecutter,Metal,,Museum,Unknown,Gift from Stephanie,,,,,,
1996,FALSE,,Museums,1996 White House Ornament,Metal,,Museum,Unknown,Gift from Dave/Adele to E&O,,,,,,
Unknown,FALSE,,Museums,Coast Guard glass ornament,Glass,,Museum,Unknown,From Childhood,,,,,,
2000-ish,FALSE,,Museums,Mount Vernon,Metal,,Museum,Unknown,Gift from Mark to Effie,,,,,,
2019,FALSE,,Museums,3 Snowflakes,Metal,3,National Gallery of Art,Unknown,Museum Store,,,,,,
2021,FALSE,,Museums,Smokey the Bear from Big Sur Inn,Wood,,Unknown,Unknown,Big Sur Inn,,,,,,
2020,FALSE,,Music,The Beatles on TV,Glass,,Christopher Radko,Poland,Ebay,5,5,,3,5,
2020,FALSE,,Music,Elton John: Elton Claus,Glass,,Christopher Radko,Poland,Ebay,5,7,,4,1,
2020,FALSE,,Music,Rhythm and Spruce,Glass,,Christopher Radko,Poland,Etsy,5,1,,4,7,
2019,FALSE,,Music,Golden Headphones,Glass,,Cody Foster & Co.,Poland,Neiman Marcus,5,11,,2,4,
2019,FALSE,,Music,Gnome playing Violin,Glass,,Unknown,Unknown,Bloomingdale’s,5,9,,5,2,
2019,FALSE,,Music,Santa Conductor,Glass,,Unknown,Poland,Neiman Marcus,5,3,,5,5,
2020,FALSE,,Nautical,Bedazzled Whale,Glass,,Katherine's Collection,Ohio,Mary B Decorative Art,3,3,#020A96,11,3,
2020,FALSE,,Nautical,Bedazzled Whale,Glass,,Katherine's Collection,Ohio,Mary B Decorative Art,3,1,#020A96,11,7,
2020,FALSE,,Nautical,Bedazzled Whale,Glass,,Katherine's Collection,Ohio,Mary B Decorative Art,3,5,#020A96,11,19,
2015,FALSE,,Nautical,Sea Captain,Glass,,Unknown,Unknown,Lloyd Center,,,,11,23,
2018,FALSE,,Nutcracker Suite,Porcelain Nutcracker,Porcelain,,Kate Spade,Unknown,Kade Spade,,,,,,
2020,FALSE,,Nutcracker Suite,Resin Rat King,Resin,,Katherine's Collection,Ohio,Direct,,,,6,5,
2019,FALSE,,Nutcracker Suite,Large Nutcracker,Glass,,Mackenzie Child,Unknown,Mackenzie Child,,,,,,
2020,FALSE,,Nutcracker Suite,Nutcracker with Reflector in Green,Glass,,Mackenzie Child,Unknown,Mackenzie Child,,,,,,
2020,FALSE,,Nutcracker Suite,The Snow Queen (set of 5),Glass,,Pottery Barn,Unknown,Ebay,,,,6,1,
2020,FALSE,,Nutcracker Suite,Sugarplum Fairy (set of 5),Glass,,Pottery Barn,Unknown,Ebay,,,,6,3,
2020,FALSE,,Nutcracker Suite,Snow King (set of 5),Metal,,Pottery Barn,Unknown,Ebay,,,,6,11,
2020,FALSE,,Nutcracker Suite,Nutcracker (set of 5),Metal,,Pottery Barn,Unknown,Ebay,,,,6,13,
2020,FALSE,,Nutcracker Suite,Rat King (set of 5),Metal,,Pottery Barn,Unknown,Ebay,,,,6,15,
1980(s),FALSE,,Peanuts,Snoopy on gold circle (metal),Metal,,Hallmark,Unknown,From Childhood,,,,,,
2020,FALSE,,Peanuts,"50th Anniversary: Snoopy, Charlie, Lucy, and Linus",Glass,,Kurt Adler,Poland,Ebay,8,7,,7,2,
2020,FALSE,,Peanuts,Snoopy as Santa in Chimney,Glass,,Kurt Adler,Poland,Ebay,8,9,,7,4,
2020,FALSE,,Peanuts,Lucy van Pelt,Glass,,Kurt Adler,Poland,Ebay,8,5,,7,6,
2020,FALSE,,Peanuts,Charlie Brown,Glass,,Kurt Adler,Poland,Ebay,8,1,,7,8,
2020,FALSE,,Peanuts,Snoopy on top of decorated dog house,Glass,,Kurt Adler,Poland,Ebay,8,11,,7,10,
2020,FALSE,,Peanuts,Snoopy,Glass,,Kurt Adler,Poland,Ebay,8,3,,7,16,
2016,FALSE,,Peanuts,Lenox Porcelain Snoopy,Porcelain,,Lenox,Unknown,Gift from mom,,,,,,
2019,FALSE,BG Silver,Popcorn Strand Ornaments,"Tiny Baubles (light pink, pink, red, silver, green, purple, blue, red)",Glass,68,Shiny Brite,America,Antique Store,,,,,,
2019,FALSE,BG Silver,Popcorn Strand Ornaments,"Narrow Ribbed Beads (gold, green, purple, silver, red)",Glass,21,Shiny Brite,America,Antique Store,,,,,,
2019,FALSE,BG Silver,Popcorn Strand Ornaments,"Gum Drop Bubbles (red, green, blue)",Glass,19,Shiny Brite,America,Antique Store,,,,,,
2019,FALSE,BG Silver,Popcorn Strand Ornaments,"Reflector Balls (green, blue, pink)",Glass,14,Shiny Brite,America,Antique Store,,,,,,
2019,FALSE,BG Silver,Popcorn Strand Ornaments,Spearmint Twists,Glass,8,Shiny Brite,America,Antique Store,,,,,,
2019,FALSE,BG Silver,Popcorn Strand Ornaments,"Small Baubles (pink, green) ",Glass,7,Shiny Brite,America,Antique Store,,,,,,
2019,FALSE,BG Silver,Popcorn Strand Ornaments,Striped Bells,Glass,3,Shiny Brite,America,Antique Store,,,,,,
2017,FALSE,,Random,Coach golden metallic star,Leather,,Coach,Unknown,Coach,,,,,,
,FALSE,,Random,FAO Schwarz,Glass,,FAO Schwarz,Unknown,Ebay,,,,5,8,
2018,FALSE,,Random,Palladium Acorn,Metal,,Georg Jensen,Denmark,Georg Jensen,,,,,,
2020,FALSE,,Random,Cloud,Clay,,Nikki Lau,America,Little Lau Shop,,,,,,
2020,FALSE,,Random,Sun,Clay,,Nikki Lau,America,Little Lau Shop,,,,,,
2020,FALSE,,Random,Moon,Clay,,Nikki Lau,America,Little Lau Shop,,,,,,
2020,FALSE,,Random,Egg Sunny Side Up,Clay,,Nikki Lau,America,"Little Lau Shop, Gift from Nikki",,,,,,
2020,FALSE,,Random,Avocado,Clay,,Nikki Lau,America,Little Lau Shop,,,,,,
2020,FALSE,,Random,Slide Viewmaster,Glass,,Unknown,Unknown,Etsy,,,,,,
2020,FALSE,,Random,Handmade cloth wreath,Cloth,,Homemade,Homemade,From Adele’s collection,,,,,,
2018,FALSE,,Random,Nurse Mouse made of cloth,Cloth,,Unknown,Unknown,Gift,,,,,,
2021,FALSE,,Random,Pink Popsicle,Glass,,Vondel’s,Netherlands,The Webster,,,,2,2,
2021,FALSE,,Sets,Large Set of Palladium Snowflakes (6 of each design),Metal,12,Georg Jensen,Denmark,Georg Jensen,,,,,,
2021,FALSE,,Sets,Wooden Bauhaus (1929 designed ornaments),Wood,24,IC Design,Germany,IC Design,,,,,,
2020,FALSE,,Sets,Vintage Candle Clips,Metal,15,Vintage,Unknown,Ebay,,,,,,
2020,FALSE,,Sets,Set of 4 glass candles with clips (red/gold),Glass/Metal,4,Vintage,Unknown,Ebay,,,,,,
2018,FALSE,BG Silver,Small Tree,Wooden Acorn Advent,Wood,25,Homemade,Homemade,Etsy,,,,,,
2019,FALSE,BG Silver,Small Tree,Hello Kitty in Boot (small),Plastic,,Sanrio,Japan,Japanese Festival in DC,,,,,,
2002,FALSE,BG Silver,Small Tree,Small Glass Ornaments from Leavenworth,Glass,12,Unknown,Unknown,Leavenworth,,,,,,
1990(s),FALSE,BG Silver,Small Tree,"Wooden Advent Ornaments (11 remaining, 8 nativity, 6 lost)",Wood,11,Unknown,Taiwain,Gift from Dave/Adele to E&O,,,,,,
2015,FALSE,BG Silver,Small Tree,Small Baubles from Japan,Glass,11,Vintage,Japan,Antique Store,,,,,,
2019,FALSE,,Snow Globes,Deer Cloche (set of 3),Glass,,Mackenzie Child,Unknown,Mackenzie Child,,,,,,
2019,FALSE,,Snow Globes,Deer Cloche (set of 3),Glass,,Mackenzie Child,Unknown,Mackenzie Child,,,,,,
2019,FALSE,,Snow Globes,Deer Cloche (set of 3),Glass,,Mackenzie Child,Unknown,Mackenzie Child,,,,,,
2020,FALSE,,Snow Globes,MET Snow Globe 1,Glass,,Morawski,Poland,The MET,,,,3,2,
2020,FALSE,,Snow Globes,MET Snow Globe 2,Glass,,Morawski,Poland,The MET,,,,3,4,
2020,FALSE,,Snow Globes,MET Snow Globe 3,Glass,,Morawski,Poland,The MET,,,,3,6,
2019,FALSE,,Snow White & the Seven Dwarves,Snow White,Glass/Cloth,,De Carlini,Italy,Neiman Marcus,4,4,,8,1,
2018,FALSE,,Snow White & the Seven Dwarves,Evil Queen designed by Christian Lacroix,Glass/Cloth,,De Carlini,Italy,Neiman Marcus,4,2,,8,3,
2019,FALSE,,Snow White & the Seven Dwarves,Dopey,Glass/Cloth,,De Carlini,Italy,Neiman Marcus,4,8,,8,5,
2019,FALSE,,Snow White & the Seven Dwarves,Happy,Glass/Cloth,,De Carlini,Italy,Neiman Marcus,4,9,#4048C9,8,7,
2019,FALSE,,Snow White & the Seven Dwarves,Doc,Glass/Cloth,,De Carlini,Italy,Neiman Marcus,4,10,,8,9,
2019,FALSE,,Snow White & the Seven Dwarves,Sleepy,Glass/Cloth,,De Carlini,Italy,Neiman Marcus,4,11,#4048C9,8,11,
2019,FALSE,,Snow White & the Seven Dwarves,Bashful,Glass/Cloth,,De Carlini,Italy,Neiman Marcus,4,12,,8,13,
2019,FALSE,,Snow White & the Seven Dwarves,Sneezy,Glass/Cloth,,De Carlini,Italy,Neiman Marcus,4,7,#4048C9,8,15,
2019,FALSE,,Snow White & the Seven Dwarves,Grumpy,Glass/Cloth,,De Carlini,Italy,Neiman Marcus,4,6,,8,17,
2019,FALSE,,Snow White & the Seven Dwarves,Stacked Pots in Green,Glass,,Le Creuset,France,Le Creuset,4,5,#4048C9,4,10,
2020,FALSE,,Snow White & the Seven Dwarves,Poisoned Apple,Crystal,,Swarvoski,Austria,Ebay,4,3,#4048C9,8,2,
2019,FALSE,,Snow White & the Seven Dwarves,Gnome Hunter,Glass,,Unknown,Unknown,Bloomingdale’s,4,1,#4048C9,4,6,
2008,FALSE,,Vinyl,Chipmunk Holiday Record,,,Unknown,Unknown,Gift from Emma,,,,,,
2021,FALSE,,Vinyl,Mariah Carey Christmas Album,,,Unknown,Unknown,Amazon,,,,,,
2021,FALSE,,Ziggy Stardust,“Just the Beer Light to Guide Us” blue garland,Paper,,Etsy,America,Etsy,,,,,,
2021,FALSE,,Ziggy Stardust,Ziggy Stardust Reindeer,Papermache,,Homemade by Me,Homemade,Homemade,,,,,,
2021,FALSE,,Ziggy Stardust,Spider from Mars 1 (blue),Papermache,,Homemade by Me,Homemade,Homemade,,,,,,
2021,FALSE,,Ziggy Stardust,Spider from Mars 2 (copper),Papermache,,Homemade by Me,Homemade,Homemade,,,,,,